{
    "author": "Florent Tassy",
    "authorUri": "https://gitlab.com/florent_tassy",
    "languages": [ "en", "fr" ],
    "languageLabels": {
        "en": "English",
        "fr": "Français"
    },
    "languageUris": {
        "en": "http://dbpedia.org/resource/English_language",
        "fr": "http://dbpedia.org/resource/French_language"
    },
    "title": {
        "en": "Polyglot Tech Blog",
        "fr": "Polyglot Tech Blog"
    },
    "baseUrl": "http://localhost:8080",
    "keywords": {
        "en": "polyglot, multilingual, blog, eleventy, 11ty, starter, template",
        "fr": "polyglotte, multilingue, blog, eleventy, 11ty, départ, modèle"
    }
}